{"web":{"client_id":"380834295516-0sghmviu3vstuhfidhppldb0lh6341ek.apps.googleusercontent.com",
  "project_id":"restaurants-334114",
  "auth_uri":"https://accounts.google.com/o/oauth2/auth",
  "token_uri":"https://oauth2.googleapis.com/token",
  "auth_provider_x509_cert_url":"https://www.googleapis.com/oauth2/v1/certs",
  "client_secret":"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",
  "redirect_uris":["http://localhost:5000/oauth2callback", "https://evening-anchorage-88885.herokuapp.com/oauth2callback", "https://evening-anchorage-88885.herokuapp.com"],
  "javascript_origins":["http://localhost:5000", "https://evening-anchorage-88885.herokuapp.com"]}}